ASRV,model,prop_slope_not_1,prop_biased
FALSE,FLU,0.9939759036144579,0.6445783132530121
FALSE,JTT,0.9598393574297188,0.6265060240963856
FALSE,LG,0.9919678714859438,0.5441767068273092
FALSE,Poisson,0.9678714859437751,0.5742971887550201
FALSE,WAG,0.9598393574297188,0.6164658634538153
TRUE,FLU,1,0.9317269076305221
TRUE,JTT,0.9718875502008032,0.7710843373493976
TRUE,LG,1,0.95783132530120485
TRUE,Poisson,0.95783132530120485,0.5763052208835341
TRUE,WAG,0.9919678714859438,0.7570281124497992
